owner_email,document_id,target_user,role,DELETE THIS COLUMN AFTER ENTERING `target_users` per their Title.
melissa.jevic@cloverhealth.com,1vlEUR930cvdDxJC78mLK-kcpMPisLY21o5AcoOneA9Y,gwen.fowler@cloverhealth.com,reader,"MA documents  - Delete this row, not needed"
nakesha.mcpherson@cloverhealth.com,1Tr3B3PKo7pgBgtTXgK3l-hMZlkTYEzJWzW9pLlGZbwM,gwen.fowler@cloverhealth.com,reader,"MA documents  - Delete this row, not needed"
melissa.jevic@cloverhealth.com,1zVssRQ4RKY_1Rmf_B_UsjqpsohO0b06HGSbkzfCkQYk,gwen.fowler@cloverhealth.com,reader,"MA documents  - Delete this row, not needed"
david.digirolamo@cloverhealth.com,1Ykrwgsj3F75yK5wzL5BofxnF7addbJ7SnQF1x5ti3xY,gwen.fowler@cloverhealth.com,reader,"MA documents  - Delete this row, not needed"
melissa.jevic@cloverhealth.com,1Ol0g_1rkI43NI955mQKCmv0W-NKxwnbXx4W8mFO1294,gwen.fowler@cloverhealth.com,reader,"MA documents  - Delete this row, not needed"
melissa.jevic@cloverhealth.com,1T046tIquLLOyaI6Hdgg-gshcYAjAUq3U4oxAaJIThj8,gwen.fowler@cloverhealth.com,reader,"MA documents  - Delete this row, not needed"
nakesha.mcpherson@cloverhealth.com,15qySupoHTlbwrfD_wmBYij9ViBgDoKVe,gwen.fowler@cloverhealth.com,reader,"MA documents  - Delete this row, not needed"
frances.byrdin@cloverhealth.com,10p11GHqTWUKQ0D4v94ZzQk-EBO7EULUBDxzUdehD7o4,gwen.fowler@cloverhealth.com,reader,"MA documents  - Delete this row, not needed"
everything@cloverhealth.com,1kT0XlJU7etsME0MF-mZuRO5h0rO4OAn8LL5IGp-ZPTY,gwen.fowler@cloverhealth.com,reader,"MA documents  - Delete this row, not needed"
angela.suvarna@cloverhealth.com,1PWc4Q4uy_q39U8blp7j47GBO0WY_XBK_9_gFx--waYk,gwen.fowler@cloverhealth.com,reader,"MA documents  - Delete this row, not needed"
nakesha.mcpherson@cloverhealth.com,1Mrrvn_48XcUX90RHxKxdX9XS5u0DQetv2cQ_q9NmtWk,gwen.fowler@cloverhealth.com,reader,"MA documents  - Delete this row, not needed"
melissa.jevic@cloverhealth.com,1U88Mlm8e3FVazZyi-nyyZJIm8za9w5An1vYGZcJvVcc,gwen.fowler@cloverhealth.com,reader,"MA documents  - Delete this row, not needed"
melissa.jevic@cloverhealth.com,1vyney1qEJ-vrvnX0D6oVt4UrXJ7A5ycmAoxn9_uxqro,gwen.fowler@cloverhealth.com,reader,"MA documents  - Delete this row, not needed"
sandra.thebaud-young@cloverhealth.com,1f1CGow9cBpiGd2x7w2Z7oyYKyHHpKJtz8T3swxDvJoo,gwen.fowler@cloverhealth.com,reader,"MA documents  - Delete this row, not needed"
steve.assad@cloverhealth.com,1SUn0ACBRud5WNrJjGvCwqjJTuUNAYA1nvRuE2RqjqtU,gwen.fowler@cloverhealth.com,reader,"MA documents  - Delete this row, not needed"
sandra.thebaud-young@cloverhealth.com,1cQDIDVzjuJmO16I58u1re32d_zo5IJL2Jzmhs2MXuvQ,gwen.fowler@cloverhealth.com,reader,"MA documents  - Delete this row, not needed"
kelly.fontana@cloverhealth.com,1s2sapNR5XhZuxSRsZPdd7RtH1-uEGRVFObg7fGSy91w,gwen.fowler@cloverhealth.com,reader,"MA documents  - Delete this row, not needed"
melissa.jevic@cloverhealth.com,1leXpjQuzTjJQ2P9DcgHiM9brE1ugqyLd_t1oFqQX_D8,gwen.fowler@cloverhealth.com,reader,"MA documents  - Delete this row, not needed"
alexandra.noel@cloverhealth.com,1X78CnH6Wz8zPQ2yALTmDUDiRqLZzxhuWZfNNijl8BuM,gwen.fowler@cloverhealth.com,reader,"MA documents  - Delete this row, not needed"
melissa.jevic@cloverhealth.com,1WkglsRiMq-N_bPLGaULWrJNt7hwNN938Oc0D33GrDq8,gwen.fowler@cloverhealth.com,reader,"MA documents  - Delete this row, not needed"
melissa.jevic@cloverhealth.com,1vlEUR930cvdDxJC78mLK-kcpMPisLY21o5AcoOneA9Y,alice.asare@cloverhealth.com,reader,"Nurse Practitioner documents  - Delete this row, not needed"
nakesha.mcpherson@cloverhealth.com,1Tr3B3PKo7pgBgtTXgK3l-hMZlkTYEzJWzW9pLlGZbwM,alice.asare@cloverhealth.com,reader,"Nurse Practitioner documents  - Delete this row, not needed"
melissa.jevic@cloverhealth.com,1t_V-R27RfWqlKpiTxEgutzGYeeU8iwkuWERk55EkFQY,alice.asare@cloverhealth.com,reader,"Nurse Practitioner documents  - Delete this row, not needed"
nakesha.mcpherson@cloverhealth.com,1740YDNewlJtra-Fib_eePyU9-7U8wwHq6pW1YasvBLU,alice.asare@cloverhealth.com,reader,"Nurse Practitioner documents  - Delete this row, not needed"
melissa.jevic@cloverhealth.com,1zVssRQ4RKY_1Rmf_B_UsjqpsohO0b06HGSbkzfCkQYk,alice.asare@cloverhealth.com,reader,"Nurse Practitioner documents  - Delete this row, not needed"
david.digirolamo@cloverhealth.com,1Ykrwgsj3F75yK5wzL5BofxnF7addbJ7SnQF1x5ti3xY,alice.asare@cloverhealth.com,reader,"Nurse Practitioner documents  - Delete this row, not needed"
kelly.fontana@cloverhealth.com,1maJilvLr4UD87SejU378na08P1FMGTv3UHZec6275cg,alice.asare@cloverhealth.com,reader,"Nurse Practitioner documents  - Delete this row, not needed"
melissa.jevic@cloverhealth.com,1Ol0g_1rkI43NI955mQKCmv0W-NKxwnbXx4W8mFO1294,alice.asare@cloverhealth.com,reader,"Nurse Practitioner documents  - Delete this row, not needed"
melissa.jevic@cloverhealth.com,1T046tIquLLOyaI6Hdgg-gshcYAjAUq3U4oxAaJIThj8,alice.asare@cloverhealth.com,reader,"Nurse Practitioner documents  - Delete this row, not needed"
nakesha.mcpherson@cloverhealth.com,15qySupoHTlbwrfD_wmBYij9ViBgDoKVe,alice.asare@cloverhealth.com,reader,"Nurse Practitioner documents  - Delete this row, not needed"
angela.suvarna@cloverhealth.com,11_u2fJEVQIgMMkoWOLX5b972qR6-Zj40KLE6Vswi-34,alice.asare@cloverhealth.com,reader,"Nurse Practitioner documents  - Delete this row, not needed"
frances.byrdin@cloverhealth.com,10p11GHqTWUKQ0D4v94ZzQk-EBO7EULUBDxzUdehD7o4,alice.asare@cloverhealth.com,reader,"Nurse Practitioner documents  - Delete this row, not needed"
everything@cloverhealth.com,1kT0XlJU7etsME0MF-mZuRO5h0rO4OAn8LL5IGp-ZPTY,alice.asare@cloverhealth.com,reader,"Nurse Practitioner documents  - Delete this row, not needed"
angela.suvarna@cloverhealth.com,1PWc4Q4uy_q39U8blp7j47GBO0WY_XBK_9_gFx--waYk,alice.asare@cloverhealth.com,reader,"Nurse Practitioner documents  - Delete this row, not needed"
nakesha.mcpherson@cloverhealth.com,1Mrrvn_48XcUX90RHxKxdX9XS5u0DQetv2cQ_q9NmtWk,alice.asare@cloverhealth.com,reader,"Nurse Practitioner documents  - Delete this row, not needed"
melissa.jevic@cloverhealth.com,1U88Mlm8e3FVazZyi-nyyZJIm8za9w5An1vYGZcJvVcc,alice.asare@cloverhealth.com,reader,"Nurse Practitioner documents  - Delete this row, not needed"
melissa.jevic@cloverhealth.com,1vyney1qEJ-vrvnX0D6oVt4UrXJ7A5ycmAoxn9_uxqro,alice.asare@cloverhealth.com,reader,"Nurse Practitioner documents  - Delete this row, not needed"
melissa.jevic@cloverhealth.com,1d_UYsPnNOSY8f09xsy9rlDzc9YlQHEM5pkuNVBWXjmQ,alice.asare@cloverhealth.com,reader,"Nurse Practitioner documents  - Delete this row, not needed"
angela.suvarna@cloverhealth.com,161fQDBaS0RqyrBYW-584mJFY7X20tzk-EuZ_1B_X4-I,alice.asare@cloverhealth.com,reader,"Nurse Practitioner documents  - Delete this row, not needed"
sandra.thebaud-young@cloverhealth.com,1f1CGow9cBpiGd2x7w2Z7oyYKyHHpKJtz8T3swxDvJoo,alice.asare@cloverhealth.com,reader,"Nurse Practitioner documents  - Delete this row, not needed"
steve.assad@cloverhealth.com,1SUn0ACBRud5WNrJjGvCwqjJTuUNAYA1nvRuE2RqjqtU,alice.asare@cloverhealth.com,reader,"Nurse Practitioner documents  - Delete this row, not needed"
sandra.thebaud-young@cloverhealth.com,1cQDIDVzjuJmO16I58u1re32d_zo5IJL2Jzmhs2MXuvQ,alice.asare@cloverhealth.com,reader,"Nurse Practitioner documents  - Delete this row, not needed"
kelly.fontana@cloverhealth.com,1maJilvLr4UD87SejU378na08P1FMGTv3UHZec6275cg,alice.asare@cloverhealth.com,reader,"Nurse Practitioner documents  - Delete this row, not needed"
melissa.jevic@cloverhealth.com,1leXpjQuzTjJQ2P9DcgHiM9brE1ugqyLd_t1oFqQX_D8,alice.asare@cloverhealth.com,reader,"Nurse Practitioner documents  - Delete this row, not needed"
alexandra.noel@cloverhealth.com,1X78CnH6Wz8zPQ2yALTmDUDiRqLZzxhuWZfNNijl8BuM,alice.asare@cloverhealth.com,reader,"Nurse Practitioner documents  - Delete this row, not needed"
melissa.jevic@cloverhealth.com,1WkglsRiMq-N_bPLGaULWrJNt7hwNN938Oc0D33GrDq8,alice.asare@cloverhealth.com,reader,"Nurse Practitioner documents  - Delete this row, not needed"
samantha.cordero@cloverhealth.com,1pbW4bxZTSbN_IYyUCW47ZqoSAGavT196rcnHEDaxzQU,alice.asare@cloverhealth.com,reader,"Nurse Practitioner documents  - Delete this row, not needed"
samantha.cordero@cloverhealth.com,1uyQYo0bxCngkSc0IKtyxXPI_yd3p5gEtW3fcga--Xv4,alice.asare@cloverhealth.com,reader,"Nurse Practitioner documents  - Delete this row, not needed"
everything@cloverhealth.com,1jLGS6yeYUetXTj_ze7TkYk68-2EmBmeVwoxGQm09Gic,alice.asare@cloverhealth.com,reader,"Nurse Practitioner documents  - Delete this row, not needed"
sandra.thebaud-young@cloverhealth.com,1OmG8kHJAnp0bnMHGnzt1YWIxMv9xI79BfFgtmksMlqE,alice.asare@cloverhealth.com,reader,"Nurse Practitioner documents  - Delete this row, not needed"
arelys.torres@cloverhealth.com,1jMgusrln5tnvLZjpsBfey0OvcdzGkXue,alice.asare@cloverhealth.com,reader,"Nurse Practitioner documents  - Delete this row, not needed"
arelys.torres@cloverhealth.com,1jMgusrln5tnvLZjpsBfey0OvcdzGkXue,alice.asare@cloverhealth.com,reader,"Nurse Practitioner documents  - Delete this row, not needed"
vivian.meras@cloverhealth.com,0BxCUwXIFTdFtM1lNcEo3Rk5IbVk,alice.asare@cloverhealth.com,reader,"Nurse Practitioner documents  - Delete this row, not needed"
angela.suvarna@cloverhealth.com,1QJG0VKBE2YkVNIch2wonHh54rMzutKR1Mpr36S2Cc2A,alice.asare@cloverhealth.com,reader,"Nurse Practitioner documents  - Delete this row, not needed"
angela.suvarna@cloverhealth.com,1QJG0VKBE2YkVNIch2wonHh54rMzutKR1Mpr36S2Cc2A,alice.asare@cloverhealth.com,reader,"Nurse Practitioner documents  - Delete this row, not needed"
melissa.jevic@cloverhealth.com,1d_UYsPnNOSY8f09xsy9rlDzc9YlQHEM5pkuNVBWXjmQ,alice.asare@cloverhealth.com,reader,"Nurse Practitioner documents  - Delete this row, not needed"
samantha.cordero@cloverhealth.com,1Vy6-fvswbdjs9klT7IiDLCWXau6OYy9A,alice.asare@cloverhealth.com,reader,"Nurse Practitioner documents  - Delete this row, not needed"
samantha.cordero@cloverhealth.com,1bSCIr-Ib_56cN0sXCMiR4s9jNxPqqSr1,alice.asare@cloverhealth.com,reader,"Nurse Practitioner documents  - Delete this row, not needed"
samantha.cordero@cloverhealth.com,1b-0a9o3-Jl86vWJEXTzQWsdGW25eCqtO,alice.asare@cloverhealth.com,reader,"Nurse Practitioner documents  - Delete this row, not needed"
samantha.cordero@cloverhealth.com,1QZYrj0w44OGH83HyP_VxbXV5cqNz0YhZ,alice.asare@cloverhealth.com,reader,"Nurse Practitioner documents  - Delete this row, not needed"
samantha.cordero@cloverhealth.com,1J5sbDE3tPfCa1HqAQtD44LUq30usXj-8,alice.asare@cloverhealth.com,reader,"Nurse Practitioner documents  - Delete this row, not needed"
samantha.cordero@cloverhealth.com,1sELmpJLOsUyeZjS0Bg-qG1-Zlx9wuhjN,alice.asare@cloverhealth.com,reader,"Nurse Practitioner documents  - Delete this row, not needed"
samantha.cordero@cloverhealth.com,1aL915LJMJ376s6-MQ1LJCgedZUbmtBmy,alice.asare@cloverhealth.com,reader,"Nurse Practitioner documents  - Delete this row, not needed"
samantha.cordero@cloverhealth.com,1JfOdUi-U-KgibW6gBKMfKxhu65kle8M2,alice.asare@cloverhealth.com,reader,"Nurse Practitioner documents  - Delete this row, not needed"
samantha.cordero@cloverhealth.com,1ZnKx21-E6AmYqCw43Z4oMK_y6zz4s-fJ,alice.asare@cloverhealth.com,reader,"Nurse Practitioner documents  - Delete this row, not needed"
melissa.jevic@cloverhealth.com,1vlEUR930cvdDxJC78mLK-kcpMPisLY21o5AcoOneA9Y,jessica.ray@cloverhealth.com,reader,"1099 NP documents  - Delete this row, not needed"
nakesha.mcpherson@cloverhealth.com,1Tr3B3PKo7pgBgtTXgK3l-hMZlkTYEzJWzW9pLlGZbwM,jessica.ray@cloverhealth.com,reader,"1099 NP documents  - Delete this row, not needed"
melissa.jevic@cloverhealth.com,1t_V-R27RfWqlKpiTxEgutzGYeeU8iwkuWERk55EkFQY,jessica.ray@cloverhealth.com,reader,"1099 NP documents  - Delete this row, not needed"
nakesha.mcpherson@cloverhealth.com,1740YDNewlJtra-Fib_eePyU9-7U8wwHq6pW1YasvBLU,jessica.ray@cloverhealth.com,reader,"1099 NP documents  - Delete this row, not needed"
melissa.jevic@cloverhealth.com,1zVssRQ4RKY_1Rmf_B_UsjqpsohO0b06HGSbkzfCkQYk,jessica.ray@cloverhealth.com,reader,"1099 NP documents  - Delete this row, not needed"
david.digirolamo@cloverhealth.com,1Ykrwgsj3F75yK5wzL5BofxnF7addbJ7SnQF1x5ti3xY,jessica.ray@cloverhealth.com,reader,"1099 NP documents  - Delete this row, not needed"
kelly.fontana@cloverhealth.com,1maJilvLr4UD87SejU378na08P1FMGTv3UHZec6275cg,jessica.ray@cloverhealth.com,reader,"1099 NP documents  - Delete this row, not needed"
melissa.jevic@cloverhealth.com,1Ol0g_1rkI43NI955mQKCmv0W-NKxwnbXx4W8mFO1294,jessica.ray@cloverhealth.com,reader,"1099 NP documents  - Delete this row, not needed"
melissa.jevic@cloverhealth.com,1T046tIquLLOyaI6Hdgg-gshcYAjAUq3U4oxAaJIThj8,jessica.ray@cloverhealth.com,reader,"1099 NP documents  - Delete this row, not needed"
nakesha.mcpherson@cloverhealth.com,15qySupoHTlbwrfD_wmBYij9ViBgDoKVe,jessica.ray@cloverhealth.com,reader,"1099 NP documents  - Delete this row, not needed"
angela.suvarna@cloverhealth.com,11_u2fJEVQIgMMkoWOLX5b972qR6-Zj40KLE6Vswi-34,jessica.ray@cloverhealth.com,reader,"1099 NP documents  - Delete this row, not needed"
frances.byrdin@cloverhealth.com,10p11GHqTWUKQ0D4v94ZzQk-EBO7EULUBDxzUdehD7o4,jessica.ray@cloverhealth.com,reader,"1099 NP documents  - Delete this row, not needed"
everything@cloverhealth.com,1kT0XlJU7etsME0MF-mZuRO5h0rO4OAn8LL5IGp-ZPTY,jessica.ray@cloverhealth.com,reader,"1099 NP documents  - Delete this row, not needed"
angela.suvarna@cloverhealth.com,1PWc4Q4uy_q39U8blp7j47GBO0WY_XBK_9_gFx--waYk,jessica.ray@cloverhealth.com,reader,"1099 NP documents  - Delete this row, not needed"
nakesha.mcpherson@cloverhealth.com,1Mrrvn_48XcUX90RHxKxdX9XS5u0DQetv2cQ_q9NmtWk,jessica.ray@cloverhealth.com,reader,"1099 NP documents  - Delete this row, not needed"
melissa.jevic@cloverhealth.com,1U88Mlm8e3FVazZyi-nyyZJIm8za9w5An1vYGZcJvVcc,jessica.ray@cloverhealth.com,reader,"1099 NP documents  - Delete this row, not needed"
melissa.jevic@cloverhealth.com,1vyney1qEJ-vrvnX0D6oVt4UrXJ7A5ycmAoxn9_uxqro,jessica.ray@cloverhealth.com,reader,"1099 NP documents  - Delete this row, not needed"
melissa.jevic@cloverhealth.com,1d_UYsPnNOSY8f09xsy9rlDzc9YlQHEM5pkuNVBWXjmQ,jessica.ray@cloverhealth.com,reader,"1099 NP documents  - Delete this row, not needed"
angela.suvarna@cloverhealth.com,161fQDBaS0RqyrBYW-584mJFY7X20tzk-EuZ_1B_X4-I,jessica.ray@cloverhealth.com,reader,"1099 NP documents  - Delete this row, not needed"
sandra.thebaud-young@cloverhealth.com,1f1CGow9cBpiGd2x7w2Z7oyYKyHHpKJtz8T3swxDvJoo,jessica.ray@cloverhealth.com,reader,"1099 NP documents  - Delete this row, not needed"
steve.assad@cloverhealth.com,1SUn0ACBRud5WNrJjGvCwqjJTuUNAYA1nvRuE2RqjqtU,jessica.ray@cloverhealth.com,reader,"1099 NP documents  - Delete this row, not needed"
sandra.thebaud-young@cloverhealth.com,1cQDIDVzjuJmO16I58u1re32d_zo5IJL2Jzmhs2MXuvQ,jessica.ray@cloverhealth.com,reader,"1099 NP documents  - Delete this row, not needed"
kelly.fontana@cloverhealth.com,1maJilvLr4UD87SejU378na08P1FMGTv3UHZec6275cg,jessica.ray@cloverhealth.com,reader,"1099 NP documents  - Delete this row, not needed"
melissa.jevic@cloverhealth.com,1leXpjQuzTjJQ2P9DcgHiM9brE1ugqyLd_t1oFqQX_D8,jessica.ray@cloverhealth.com,reader,"1099 NP documents  - Delete this row, not needed"
alexandra.noel@cloverhealth.com,1X78CnH6Wz8zPQ2yALTmDUDiRqLZzxhuWZfNNijl8BuM,jessica.ray@cloverhealth.com,reader,"1099 NP documents  - Delete this row, not needed"
melissa.jevic@cloverhealth.com,1WkglsRiMq-N_bPLGaULWrJNt7hwNN938Oc0D33GrDq8,jessica.ray@cloverhealth.com,reader,"1099 NP documents  - Delete this row, not needed"
samantha.cordero@cloverhealth.com,1pbW4bxZTSbN_IYyUCW47ZqoSAGavT196rcnHEDaxzQU,jessica.ray@cloverhealth.com,reader,"1099 NP documents  - Delete this row, not needed"
samantha.cordero@cloverhealth.com,1uyQYo0bxCngkSc0IKtyxXPI_yd3p5gEtW3fcga--Xv4,jessica.ray@cloverhealth.com,reader,"1099 NP documents  - Delete this row, not needed"
everything@cloverhealth.com,1jLGS6yeYUetXTj_ze7TkYk68-2EmBmeVwoxGQm09Gic,jessica.ray@cloverhealth.com,reader,"1099 NP documents  - Delete this row, not needed"
sandra.thebaud-young@cloverhealth.com,1OmG8kHJAnp0bnMHGnzt1YWIxMv9xI79BfFgtmksMlqE,jessica.ray@cloverhealth.com,reader,"1099 NP documents  - Delete this row, not needed"
arelys.torres@cloverhealth.com,1jMgusrln5tnvLZjpsBfey0OvcdzGkXue,jessica.ray@cloverhealth.com,reader,"1099 NP documents  - Delete this row, not needed"
arelys.torres@cloverhealth.com,1jMgusrln5tnvLZjpsBfey0OvcdzGkXue,jessica.ray@cloverhealth.com,reader,"1099 NP documents  - Delete this row, not needed"
vivian.meras@cloverhealth.com,0BxCUwXIFTdFtM1lNcEo3Rk5IbVk,jessica.ray@cloverhealth.com,reader,"1099 NP documents  - Delete this row, not needed"
angela.suvarna@cloverhealth.com,1QJG0VKBE2YkVNIch2wonHh54rMzutKR1Mpr36S2Cc2A,jessica.ray@cloverhealth.com,reader,"1099 NP documents  - Delete this row, not needed"
angela.suvarna@cloverhealth.com,1QJG0VKBE2YkVNIch2wonHh54rMzutKR1Mpr36S2Cc2A,jessica.ray@cloverhealth.com,reader,"1099 NP documents  - Delete this row, not needed"
melissa.jevic@cloverhealth.com,1d_UYsPnNOSY8f09xsy9rlDzc9YlQHEM5pkuNVBWXjmQ,jessica.ray@cloverhealth.com,reader,"1099 NP documents  - Delete this row, not needed"
samantha.cordero@cloverhealth.com,1Vy6-fvswbdjs9klT7IiDLCWXau6OYy9A,jessica.ray@cloverhealth.com,reader,"1099 NP documents  - Delete this row, not needed"
samantha.cordero@cloverhealth.com,1bSCIr-Ib_56cN0sXCMiR4s9jNxPqqSr1,jessica.ray@cloverhealth.com,reader,"1099 NP documents  - Delete this row, not needed"
samantha.cordero@cloverhealth.com,1b-0a9o3-Jl86vWJEXTzQWsdGW25eCqtO,jessica.ray@cloverhealth.com,reader,"1099 NP documents  - Delete this row, not needed"
samantha.cordero@cloverhealth.com,1QZYrj0w44OGH83HyP_VxbXV5cqNz0YhZ,jessica.ray@cloverhealth.com,reader,"1099 NP documents  - Delete this row, not needed"
samantha.cordero@cloverhealth.com,1J5sbDE3tPfCa1HqAQtD44LUq30usXj-8,jessica.ray@cloverhealth.com,reader,"1099 NP documents  - Delete this row, not needed"
samantha.cordero@cloverhealth.com,1sELmpJLOsUyeZjS0Bg-qG1-Zlx9wuhjN,jessica.ray@cloverhealth.com,reader,"1099 NP documents  - Delete this row, not needed"
samantha.cordero@cloverhealth.com,1aL915LJMJ376s6-MQ1LJCgedZUbmtBmy,jessica.ray@cloverhealth.com,reader,"1099 NP documents  - Delete this row, not needed"
samantha.cordero@cloverhealth.com,1JfOdUi-U-KgibW6gBKMfKxhu65kle8M2,jessica.ray@cloverhealth.com,reader,"1099 NP documents  - Delete this row, not needed"
samantha.cordero@cloverhealth.com,1ZnKx21-E6AmYqCw43Z4oMK_y6zz4s-fJ,jessica.ray@cloverhealth.com,reader,"1099 NP documents  - Delete this row, not needed"